<?xml version="1.0" encoding="utf-8"?>
<odoo>
    <data noupdate="0">
        <record id="sequence_hospital_patient" model="ir.sequence">
            <field name="name">Patient Sequence</field>
            <field name="code">hospital.patient</field>
            <field name="prefix">HP</field>
            <field name="padding">5</field>
        </record>

        <record id="sequence_premed" model="ir.sequence">
            <field name="name">Pre Medication</field>
            <field name="code">patient.premed</field>
            <field name="prefix">PM</field>
            <field name="padding">5</field>
        </record>

        <record id="sequence_hospital_order" model="ir.sequence">
            <field name="name">Inspection</field>
            <field name="code">patient.inspection</field>
            <field name="prefix">IP</field>
            <field name="padding">5</field>
        </record>

        <record id="sequence_front_desk" model="ir.sequence">
            <field name="name">Front Desk</field>
            <field name="code">clinic.frontdesk</field>
            <field name="prefix">FD</field>
            <field name="padding">5</field>
        </record>

        <record id="sequence_clinic_payment" model="ir.sequence">
            <field name="name">Front Desk</field>
            <field name="code">clinic.payment</field>
            <field name="prefix">CP</field>
            <field name="padding">5</field>
        </record>
    </data>

</odoo>